[
  {
    "id": "1f241c67-4da4-4bed-ad0a-3463e467adf5",
    "data": [
      {
        "text": "Qual o horário de vocês de ",
        "userDefined": false
      },
      {
        "text": "segunda a sexta",
        "alias": "date-time",
        "meta": "@sys.date-time",
        "userDefined": false
      },
      {
        "text": "?",
        "userDefined": false
      }
    ],
    "isTemplate": false,
    "count": 0,
    "updated": 0
  },
  {
    "id": "aaa21b8d-3e60-443b-bf6b-c9ffb367977c",
    "data": [
      {
        "text": "Vocês estão funcionando ",
        "userDefined": false
      },
      {
        "text": "agora",
        "alias": "date-time",
        "meta": "@sys.date-time",
        "userDefined": false
      },
      {
        "text": "?",
        "userDefined": false
      }
    ],
    "isTemplate": false,
    "count": 0,
    "updated": 0
  },
  {
    "id": "e6515180-9b07-44eb-93d1-d84053b2cc5e",
    "data": [
      {
        "text": "Quando vocês fecham?",
        "userDefined": false
      }
    ],
    "isTemplate": false,
    "count": 0,
    "updated": 0
  },
  {
    "id": "3a134c7f-25fd-4b1b-aea0-ee5b8b12fef0",
    "data": [
      {
        "text": "Quando a ",
        "userDefined": false
      },
      {
        "text": "loja",
        "alias": "location",
        "meta": "@sys.location",
        "userDefined": false
      },
      {
        "text": " fecha?",
        "userDefined": false
      }
    ],
    "isTemplate": false,
    "count": 0,
    "updated": 0
  },
  {
    "id": "f161b037-0b8d-425e-b73e-1615cc29eae4",
    "data": [
      {
        "text": "Vai abrir ",
        "userDefined": false
      },
      {
        "text": "amanhã",
        "alias": "date-time",
        "meta": "@sys.date-time",
        "userDefined": false
      },
      {
        "text": "?",
        "userDefined": false
      }
    ],
    "isTemplate": false,
    "count": 0,
    "updated": 0
  },
  {
    "id": "d9c32401-c977-4993-90a6-3fe1fcd70652",
    "data": [
      {
        "text": "Vocês estão abertos ",
        "userDefined": false
      },
      {
        "text": "hoje",
        "alias": "date-time",
        "meta": "@sys.date-time",
        "userDefined": false
      },
      {
        "text": "?",
        "userDefined": false
      }
    ],
    "isTemplate": false,
    "count": 0,
    "updated": 0
  },
  {
    "id": "6deff0c9-595c-4ebd-9754-7df58cf644ad",
    "data": [
      {
        "text": "Qual horário de funcionamento?",
        "userDefined": false
      }
    ],
    "isTemplate": false,
    "count": 0,
    "updated": 0
  },
  {
    "id": "be0bd0c0-3d81-45f4-a114-7449c433b6d8",
    "data": [
      {
        "text": "Que horas você abre ?",
        "userDefined": false
      }
    ],
    "isTemplate": false,
    "count": 0,
    "updated": 0
  }
]