[
  {
    "id": "ae6dccd0-a66b-43e1-b040-b9da0b9fa6db",
    "data": [
      {
        "text": "Quero ",
        "userDefined": false
      },
      {
        "text": "duas",
        "alias": "number-integer",
        "meta": "@sys.number-integer",
        "userDefined": false
      },
      {
        "text": " pizzas de ",
        "userDefined": false
      },
      {
        "text": "calabresa",
        "alias": "sabores",
        "meta": "@sabores",
        "userDefined": true
      }
    ],
    "isTemplate": false,
    "count": 0,
    "updated": 0
  },
  {
    "id": "628acda8-1f2f-4f76-9052-6e0d1f0735ac",
    "data": [
      {
        "text": "Quero ",
        "userDefined": false
      },
      {
        "text": "4",
        "alias": "number-integer",
        "meta": "@sys.number-integer",
        "userDefined": true
      },
      {
        "text": " pizzas de ",
        "userDefined": false
      },
      {
        "text": "calabresa",
        "alias": "sabores",
        "meta": "@sabores",
        "userDefined": true
      },
      {
        "text": " por favor para ",
        "userDefined": false
      },
      {
        "text": "hoje",
        "alias": "date",
        "meta": "@sys.date",
        "userDefined": true
      }
    ],
    "isTemplate": false,
    "count": 0,
    "updated": 0
  },
  {
    "id": "75ac6962-8722-48bf-90ef-8e509859e379",
    "data": [
      {
        "text": "Quero ",
        "userDefined": false
      },
      {
        "text": "4",
        "alias": "time",
        "meta": "@sys.time",
        "userDefined": true
      },
      {
        "text": " pizzas de ",
        "userDefined": false
      },
      {
        "text": "calabresa",
        "alias": "sabores",
        "meta": "@sabores",
        "userDefined": true
      },
      {
        "text": " por favor",
        "userDefined": false
      }
    ],
    "isTemplate": false,
    "count": 0,
    "updated": 0
  },
  {
    "id": "68f75c9d-9301-4358-8a58-de56adda1c09",
    "data": [
      {
        "text": "Gostaria de pedir ",
        "userDefined": false
      },
      {
        "text": "duas",
        "alias": "number-integer",
        "meta": "@sys.number-integer",
        "userDefined": true
      },
      {
        "text": " pizzas para entregar",
        "userDefined": false
      }
    ],
    "isTemplate": false,
    "count": 0,
    "updated": 0
  },
  {
    "id": "4f0c8706-902b-4cee-9873-6fb29357f875",
    "data": [
      {
        "text": "Gostaria de ",
        "userDefined": false
      },
      {
        "text": "uma",
        "alias": "number-integer",
        "meta": "@sys.number-integer",
        "userDefined": false
      },
      {
        "text": " pizza ",
        "userDefined": false
      },
      {
        "text": "para",
        "meta": "@sys.ignore",
        "userDefined": false
      },
      {
        "text": " entrega",
        "userDefined": false
      }
    ],
    "isTemplate": false,
    "count": 0,
    "updated": 0
  },
  {
    "id": "047d077e-9e1e-4ab6-8ac5-52381e320576",
    "data": [
      {
        "text": "Posso pedir ",
        "userDefined": false
      },
      {
        "text": "uma",
        "alias": "number-integer",
        "meta": "@sys.number-integer",
        "userDefined": false
      },
      {
        "text": " pizza?",
        "userDefined": false
      }
    ],
    "isTemplate": false,
    "count": 0,
    "updated": 0
  },
  {
    "id": "0541c184-06ac-4984-a78b-c737d7bcd16d",
    "data": [
      {
        "text": "Quero pedir ",
        "userDefined": false
      },
      {
        "text": "uma",
        "alias": "number-integer",
        "meta": "@sys.number-integer",
        "userDefined": true
      },
      {
        "text": " pizza ",
        "userDefined": false
      },
      {
        "text": "grande",
        "alias": "tamanho",
        "meta": "@tamanho",
        "userDefined": true
      }
    ],
    "isTemplate": false,
    "count": 0,
    "updated": 0
  },
  {
    "id": "d1d3c6f7-06a0-42f4-9f37-f54d1849ce2b",
    "data": [
      {
        "text": "Eu quero ",
        "userDefined": false
      },
      {
        "text": "uma",
        "alias": "number-integer",
        "meta": "@sys.number-integer",
        "userDefined": false
      },
      {
        "text": " pizza de ",
        "userDefined": false
      },
      {
        "text": "frango",
        "alias": "sabores",
        "meta": "@sabores",
        "userDefined": true
      }
    ],
    "isTemplate": false,
    "count": 0,
    "updated": 0
  },
  {
    "id": "eaf7fb36-7d57-4888-9d0d-d425e97f8bf8",
    "data": [
      {
        "text": "Gostaria de pedir ",
        "userDefined": false
      },
      {
        "text": "uma",
        "alias": "number-integer",
        "meta": "@sys.number-integer",
        "userDefined": false
      },
      {
        "text": " pizza ",
        "userDefined": false
      },
      {
        "text": "para",
        "meta": "@sys.ignore",
        "userDefined": false
      },
      {
        "text": " retirada em ",
        "userDefined": false
      },
      {
        "text": "1 hora",
        "alias": "time",
        "meta": "@sys.time",
        "userDefined": false
      }
    ],
    "isTemplate": false,
    "count": 0,
    "updated": 0
  },
  {
    "id": "0af7f50f-f5d7-45b3-83d7-746535eb985c",
    "data": [
      {
        "text": "Eu gostaria de uma pizza ",
        "userDefined": false
      },
      {
        "text": "pequena",
        "alias": "tamanho",
        "meta": "@tamanho",
        "userDefined": true
      },
      {
        "text": " com ",
        "userDefined": false
      },
      {
        "text": "bacon",
        "alias": "sabores",
        "meta": "@sabores",
        "userDefined": true
      }
    ],
    "isTemplate": false,
    "count": 0,
    "updated": 0
  },
  {
    "id": "1d5d5a49-2a59-4336-afd5-a22824892af9",
    "data": [
      {
        "text": "Quero pedir uma pizza ",
        "userDefined": false
      },
      {
        "text": "grande",
        "alias": "tamanho",
        "meta": "@tamanho",
        "userDefined": true
      },
      {
        "text": " ",
        "userDefined": false
      },
      {
        "text": "4 queijos",
        "alias": "sabores",
        "meta": "@sabores",
        "userDefined": true
      }
    ],
    "isTemplate": false,
    "count": 0,
    "updated": 0
  },
  {
    "id": "ea3d9a52-dfe6-42ac-a133-8ec31f7526f8",
    "data": [
      {
        "text": "Quero pedir ",
        "userDefined": false
      },
      {
        "text": "uma",
        "alias": "number-integer",
        "meta": "@sys.number-integer",
        "userDefined": true
      },
      {
        "text": " pizza ",
        "userDefined": false
      },
      {
        "text": "pequena",
        "alias": "tamanho",
        "meta": "@tamanho",
        "userDefined": true
      },
      {
        "text": "  ",
        "userDefined": false
      },
      {
        "text": "portuguesa",
        "alias": "sabores",
        "meta": "@sabores",
        "userDefined": true
      }
    ],
    "isTemplate": false,
    "count": 0,
    "updated": 0
  },
  {
    "id": "d8d69a84-ac47-4b3d-abc0-13a9136647d5",
    "data": [
      {
        "text": "Quero pedir ",
        "userDefined": false
      },
      {
        "text": "uma",
        "alias": "number-integer",
        "meta": "@sys.number-integer",
        "userDefined": false
      },
      {
        "text": " pizza de ",
        "userDefined": false
      },
      {
        "text": "queijo",
        "alias": "sabores",
        "meta": "@sabores",
        "userDefined": true
      },
      {
        "text": " ",
        "userDefined": false
      },
      {
        "text": "amanhã",
        "alias": "date",
        "meta": "@sys.date",
        "userDefined": false
      },
      {
        "text": " às ",
        "userDefined": false
      },
      {
        "text": "13:00",
        "alias": "time",
        "meta": "@sys.time",
        "userDefined": true
      }
    ],
    "isTemplate": false,
    "count": 0,
    "updated": 0
  },
  {
    "id": "a51a2d09-a88b-41be-ab1e-c17f17da8789",
    "data": [
      {
        "text": "posso pedir ",
        "userDefined": false
      },
      {
        "text": "uma",
        "alias": "number-integer",
        "meta": "@sys.number-integer",
        "userDefined": false
      },
      {
        "text": " pizza de ",
        "userDefined": false
      },
      {
        "text": "queijo",
        "alias": "sabores",
        "meta": "@sabores",
        "userDefined": true
      },
      {
        "text": " ",
        "userDefined": false
      },
      {
        "text": "para",
        "meta": "@sys.ignore",
        "userDefined": false
      },
      {
        "text": " retirada ",
        "userDefined": false
      },
      {
        "text": "hoje",
        "alias": "date",
        "meta": "@sys.date",
        "userDefined": false
      },
      {
        "text": " ao ",
        "userDefined": false
      },
      {
        "text": "meio-dia",
        "alias": "time",
        "meta": "@sys.time",
        "userDefined": true
      },
      {
        "text": "?",
        "userDefined": false
      }
    ],
    "isTemplate": false,
    "count": 0,
    "updated": 0
  }
]