[
  {
    "id": "7a2c6e49-1ab9-4908-824c-a9e9ed624961",
    "data": [
      {
        "text": "Eu quero ",
        "userDefined": false
      },
      {
        "text": "um",
        "meta": "@sys.ignore",
        "userDefined": false
      },
      {
        "text": " ",
        "userDefined": false
      },
      {
        "text": "guaraná de 2L",
        "alias": "composicao_bebida",
        "meta": "@composicao_bebida",
        "userDefined": true
      }
    ],
    "isTemplate": false,
    "count": 0,
    "updated": 0
  },
  {
    "id": "2121d5da-4356-4030-85b2-f7831756e27a",
    "data": [
      {
        "text": "Eu quero ",
        "userDefined": false
      },
      {
        "text": "meio litro de suco de uva",
        "alias": "composicao_bebida",
        "meta": "@composicao_bebida",
        "userDefined": true
      }
    ],
    "isTemplate": false,
    "count": 0,
    "updated": 0
  },
  {
    "id": "3cdf4630-3b4f-4979-b708-32cc6c21630f",
    "data": [
      {
        "text": "Eu quero beber ",
        "userDefined": false
      },
      {
        "text": "fanta de 500 ml",
        "alias": "composicao_bebida",
        "meta": "@composicao_bebida",
        "userDefined": true
      }
    ],
    "isTemplate": false,
    "count": 0,
    "updated": 0
  },
  {
    "id": "b08ae03d-4475-4e3c-859a-209a1483404a",
    "data": [
      {
        "text": "Eu quero um copo de ",
        "userDefined": false
      },
      {
        "text": "suco de uva de 200 ML",
        "alias": "composicao_bebida",
        "meta": "@composicao_bebida",
        "userDefined": true
      }
    ],
    "isTemplate": false,
    "count": 0,
    "updated": 0
  },
  {
    "id": "2b49b9a2-77f8-4e71-9880-3644842641c4",
    "data": [
      {
        "text": "Eu gostaria de pedir uma ",
        "userDefined": false
      },
      {
        "text": "coca zero de 2L",
        "alias": "composicao_bebida",
        "meta": "@composicao_bebida",
        "userDefined": true
      },
      {
        "text": ".",
        "userDefined": false
      }
    ],
    "isTemplate": false,
    "count": 0,
    "updated": 0
  }
]