[
  {
    "value": "@tamanho_bebida:tamanho_bebida  @tipo-bebida:tipo-bebida @sabor_bebida:sabor_bebida",
    "synonyms": [
      "@tamanho_bebida:tamanho_bebida  @tipo-bebida:tipo-bebida @sabor_bebida:sabor_bebida"
    ]
  },
  {
    "value": "@tipo-bebida:tipo-bebida @sabor_bebida:sabor_bebida @tamanho_bebida:tamanho_bebida",
    "synonyms": [
      "@tipo-bebida:tipo-bebida @sabor_bebida:sabor_bebida @tamanho_bebida:tamanho_bebida"
    ]
  },
  {
    "value": "@tipo-bebida:tipo-bebida  @tamanho_bebida:tamanho_bebida",
    "synonyms": [
      "@tipo-bebida:tipo-bebida  @tamanho_bebida:tamanho_bebida"
    ]
  },
  {
    "value": "@tipo-bebida:tipo-bebida  @tamanho_bebida:tamanho_bebida  @sabor_bebida:sabor_bebida",
    "synonyms": [
      "@tipo-bebida:tipo-bebida  @tamanho_bebida:tamanho_bebida  @sabor_bebida:sabor_bebida"
    ]
  }
]