[
  {
    "value": "abacaxi",
    "synonyms": [
      "abacaxi"
    ]
  },
  {
    "value": "hortelã",
    "synonyms": [
      "hortelã"
    ]
  },
  {
    "value": "uva",
    "synonyms": [
      "uva"
    ]
  },
  {
    "value": "morango",
    "synonyms": [
      "morango"
    ]
  },
  {
    "value": "maçã",
    "synonyms": [
      "maçã"
    ]
  },
  {
    "value": "laranja",
    "synonyms": [
      "laranja"
    ]
  },
  {
    "value": "limão",
    "synonyms": [
      "limão"
    ]
  }
]