[
  {
    "value": "portuguesa",
    "synonyms": [
      "portuguesa"
    ]
  },
  {
    "value": "Calabresa",
    "synonyms": [
      "Calabresa",
      "calabreza"
    ]
  },
  {
    "value": "vegetariano",
    "synonyms": [
      "vegetariano",
      "vegetariana"
    ]
  },
  {
    "value": "4 Queijos",
    "synonyms": [
      "4 Queijos",
      "quatro queijo",
      "quatro queijos"
    ]
  },
  {
    "value": "Marguerita",
    "synonyms": [
      "Marguerita"
    ]
  },
  {
    "value": "Mussarela",
    "synonyms": [
      "Mussarela",
      "muçarela"
    ]
  },
  {
    "value": "Napolitana",
    "synonyms": [
      "Napolitana"
    ]
  },
  {
    "value": "Baiana",
    "synonyms": [
      "Baiana",
      "bahiana"
    ]
  },
  {
    "value": "Brócolis",
    "synonyms": [
      "Brócolis",
      "brocolis"
    ]
  },
  {
    "value": "Atum",
    "synonyms": [
      "Atum"
    ]
  },
  {
    "value": "Frango Caipira",
    "synonyms": [
      "Frango Caipira"
    ]
  },
  {
    "value": "bacon",
    "synonyms": [
      "bacon",
      "pedaços de bacon",
      "fatias de bacon"
    ]
  },
  {
    "value": "queijo",
    "synonyms": [
      "queijo"
    ]
  }
]