[
  {
    "value": "suco",
    "synonyms": [
      "suco",
      "suco natural"
    ]
  },
  {
    "value": "coca-cola",
    "synonyms": [
      "coca",
      "cocacola",
      "coca-cola"
    ]
  },
  {
    "value": "guaraná",
    "synonyms": [
      "guaraná",
      "refrigerante",
      "guarana"
    ]
  },
  {
    "value": "coca-cola zero",
    "synonyms": [
      "coca-cola zero",
      "coca 0",
      "coca zero",
      "coca diet",
      "coca-cola 0",
      "coca zero calorias",
      "coca-cola zero calorias",
      "coca-cola 0 calorias"
    ]
  }
]